,Time (s),Time (s),States Explored,States Explored,Path Length,Path Length,Success
,mean,std,mean,std,mean,std,mean
Algorithm,,,,,,,
A*,0.0130294,0.01379684269316716,1399.8,2061.021033371567,92.0,79.1580697086532,1.0
BFS,0.003920999999999999,0.006090580021639975,2775.2,4139.168841687906,92.0,79.1580697086532,1.0
DFS,0.0016024,0.001192854266035881,153.8,112.04329520323829,127.2,110.25062358100294,1.0
MDP Policy Iteration,5.7751762,10.064325077381827,1632984.4,2750676.120693474,92.4,79.9799974993748,1.0
MDP Value Iteration,2.8234734,5.223929001362748,522726.0,977209.2533876764,93.0,79.1580697086532,1.0
